cutoff_days,roi_beta,roi_or,elasticity,norm_elast
1,0.31855904884218167,1.3751448194959106,0.5156072222251185,0.012306367778616354
2,0.2637013719277931,1.3017394023231539,0.42342397382672087,0.010106164001558084
3,0.05350031961467565,1.054957328947382,0.08580484663312754,0.0020479658824367744
4,0.29281795306165825,1.3401987891361793,0.46867820904278396,0.01118627932598178
5,0.2521866665334589,1.2868362241238074,0.4006840692781142,0.009563414372454554
6,0.2743680387176762,1.3156989412935027,0.43215555681866274,0.01031456696209969
7,0.4505708030414847,1.5692076383949523,0.7027929759231533,0.01677406456142005
8,0.3689065824037062,1.4461525012738239,0.5671376324776096,0.013536281078925523
9,0.36777462506465314,1.4445164444845555,0.558283392014448,0.013324950564450303
10,0.432781656393185,1.5415395986363176,0.6559454635699978,0.015655921347593055
11,0.1440038288690784,1.1548885304334313,0.21782364768441975,0.005198953396571788
12,0.6230387151597924,1.864585385843321,0.9270423101974282,0.02212638443347219
13,0.21536692323573636,1.240316914578325,0.31619723759855795,0.0075469064992488505
14,0.44914642895671014,1.5669740907824865,0.6509417502786734,0.01553649412980497
15,0.5298599414439933,1.6986943752753416,0.7555206525856801,0.018032553878774324
16,0.3840268125638279,1.4681848069530927,0.540399856304478,0.012898111377289304
17,0.5625125412162898,1.7550766676183718,0.7904086194844563,0.018865250034293023
18,0.1641570637985488,1.1783993844420222,0.2302489588258138,0.005495517218951631
19,0.2921471808839424,1.3393001225097985,0.40263028250341815,0.009609866040883165
20,0.36942312931882143,1.4468996998520893,0.5027317555883378,0.011999059771816662
21,0.5129419907692196,1.6701976801476377,0.685755064537305,0.016367408497160774
22,0.7554041484667532,2.128471568071479,0.9927269139417884,0.023694126032556793
23,0.6285842005808817,1.8749541402330423,0.8180659285098031,0.019525366886737266
24,0.31564165041948483,1.3711388205573516,0.41048836180496284,0.009797420461670776
25,0.5643567558512474,1.758316392149737,0.7320201283115346,0.017471649992556713
26,0.6108636187393731,1.8420215163549922,0.777969030463054,0.018568345431499513
27,0.5068033305788293,1.6599763089982835,0.637152191640949,0.01520736883290108
28,0.7246172084024515,2.063940889502834,0.8997118661276022,0.021474069101610267
29,0.586059036006832,1.7968929526736541,0.7165014045995589,0.017101253471285868
30,0.5037454294150103,1.6549080186259628,0.6094826753044096,0.01454696061979576
31,0.5279290349911481,1.6954175200133146,0.6375641749345359,0.015217201933972949
32,0.48389682236753423,1.6223842432511497,0.5834216394829475,0.013924943166032126
33,0.2209343093139056,1.2472414957233369,0.2596634817493571,0.006197574757182969
34,0.06615770538337387,1.0683951955545794,0.07629530717178538,0.0018209948762675735
35,0.03210882595687081,1.0326298761249393,0.03627881471813028,0.0008658925190513775
36,0.5554131593459911,1.7426608326678024,0.6122714138330289,0.01461352144457141
37,0.14935187769497205,1.1610814760096269,0.16167402194614994,0.0038587899636687555
38,0.2790190349619248,1.3218325046614683,0.2992228182466292,0.007141765844950388
39,0.3828673842551403,1.4664835383655876,0.4084591244905341,0.009748987197695765
40,0.3543519077557706,1.425256657110612,0.36760359765228606,0.008773859004396152
41,0.18537197500025349,1.20366609055949,0.18839696640726117,0.00449660566618502
42,0.26514106678964244,1.3036148595712855,0.26414916468355615,0.006304637772491965
43,0.22203572750496842,1.2486159870012714,0.21638325824819887,0.005164574587698492
44,0.5851854659830851,1.7953239262813079,0.5584815736985094,0.013329680708998162
45,0.3722640882443085,1.4510161270002362,0.3546193161888618,0.008463953835999957
46,0.32568606940324746,1.3849805128601593,0.3097294440268469,0.007392535026199749
47,-0.019763655879136158,0.9804303648788618,-0.018366024434284735,-0.00043835509197091984
48,0.356576248032442,1.428430441377129,0.32555430865539603,0.007770238432535502
49,-0.10188562549509793,0.903132841133489,-0.09166003875153918,-0.0021877159567523915
50,0.21711771659804588,1.2424903552671116,0.19128990829311374,0.004565653587305725
51,0.39282611476611984,1.4811608149410018,0.3402801057134468,0.008121709604036116
52,0.25277194409598763,1.2875896009382033,0.21863661610958135,0.005218357097686107
53,0.3490685951002108,1.4177464374655615,0.301187234595463,0.0071886519803981185
54,0.18696585457101117,1.2055861190918946,0.1584690317037662,0.003782294160372132
55,0.3458122658287962,1.4131372967545257,0.28866627662127087,0.0068898052863854975
56,0.3446071957116129,1.4114353928894325,0.2835479522886815,0.006767642564584861
57,0.40042635617128186,1.4924608819184897,0.32454398999769735,0.007746124431723835
58,0.25875331636337395,1.2953142325875795,0.20762261130273357,0.004955477936910237
59,0.11440851237603993,1.1212100595272574,0.09174711780444354,0.0021897943350307836
60,0.3169734504829265,1.372966119854128,0.25378268742289134,0.006057213616585349
61,0.3164947400881378,1.3723090239927194,0.2498576410149041,0.005963531715784242
62,0.11892282999481534,1.126282999669717,0.0926726088233016,0.0022118836936800327
63,0.24102373029528776,1.272551232966455,0.18554756383969395,0.004428596929235044
64,0.4287667294825812,1.535362837737029,0.32580751901926935,0.007776281986095002
65,0.34697540570666535,1.4147819293807633,0.26190281422145595,0.006251022513134329
66,0.3480323702400403,1.4162780942598954,0.26226636196344727,0.006259699568119562
67,0.31554522079625913,1.3710066085321755,0.23749065906184944,0.005668360078022828
68,0.32153074979729035,1.3792374166450356,0.2392607423932172,0.0057106079278116725
69,0.13571242242391413,1.1453524685428356,0.09989196867630745,0.002384193338789072
70,0.2810151547316914,1.3244736758263544,0.20501282731179565,0.00489318834857471
71,0.21421224501389993,1.2388855741767129,0.1546140602337327,0.0036902847884289426
72,0.3291680186303514,1.3898113501708438,0.23527519073896117,0.005615481904855126
73,0.3076333737060138,1.3602022116143804,0.21959839551010585,0.005241312577195632
74,0.13087286815398133,1.1398228643155282,0.09332673879502039,0.0022274962833800905
75,0.3872753009484184,1.4729619432798828,0.2737250939441392,0.006533193351667496
76,0.07571631873969581,1.0786565361051084,0.05304863411517612,0.0012661498393239689
77,0.32173001891388264,1.3795122834519449,0.22356416901132697,0.005335966540772989
78,0.2326599183063011,1.2619522394881204,0.16042885264407594,0.0038290706139051185
79,0.21281449762719273,1.2371551347433056,0.1454413446192682,0.003471352998852552
80,0.2031801074132209,1.2252931327518235,0.13865762392624073,0.003309441066363451
81,0.092703019515827,1.0971358589424303,0.06316679307885091,0.0015076472041438901
82,0.14459477807483848,1.155571212588604,0.09776768512174246,0.0023334915379575674
83,0.3303361926225463,1.3914358403029965,0.22151274843181573,0.005287003812882678
84,0.30962978411035597,1.362920445914447,0.20604570048613705,0.0049178406742292225
85,0.1720035916276798,1.1876820989181467,0.1135801130009159,0.0027108981074663897
86,0.49954564869032764,1.647972342182711,0.3268549466723082,0.007801281693942696
87,0.296973153433237,1.345779169412796,0.1942164678388959,0.004635503885253435
88,0.2877836826837742,1.3334688205259837,0.18787045136406794,0.004484038953611547
89,0.33288624655049354,1.3949886046781872,0.2156884493435687,0.005147991084699182
90,0.30580383856326776,1.3577159489129853,0.19656341886563738,0.004691520250518527
91,0.33149320837122687,1.393046685190256,0.2113275413292839,0.00504390616199212
92,0.29758995662602417,1.3466095063521892,0.188326680914028,0.004494928111853069
93,0.19224265839803856,1.2119645746678405,0.12060064521560747,0.002878462190573621
94,0.30578673634059594,1.3576927291510574,0.19170590091792186,0.00457558238196455
95,0.2846016607237171,1.3292324371630055,0.17811880254049176,0.004251289349459486
96,0.31300559767448166,1.3675291859894076,0.19435355732646062,0.004638775898483337
97,0.2884191342769653,1.3343164446959996,0.1774765831761236,0.004235961038776877
98,0.25321946844630955,1.2881659575950444,0.1545233035405308,0.003688118633269025
99,0.31096596520045405,1.3647427716490506,0.18800456356828002,0.004487239905881983
100,0.28856360878088655,1.3345092333286068,0.1729249024764031,0.004127322807411813
101,0.33089895249943957,1.3922191049394739,0.19811522461104972,0.004728558312440159
102,0.3213110313823512,1.3789344060757456,0.19216958625450087,0.004586649492818559
103,0.21732626239246128,1.242749498425973,0.1290147800235616,0.0030792883873803274
104,0.33887881079803545,1.403373261221177,0.1996038454972999,0.004764088295961464
105,0.3038830534743156,1.3551105713494949,0.17734945133792063,0.00423292669191388
106,0.43490278224534035,1.5448128684124267,0.2516250796648165,0.006005716443061911
107,0.28497211702014486,1.3297249509105455,0.16337431297149174,0.003899372030378832
108,0.26700140253261323,1.306042278096259,0.15296608114296573,0.003650951288221311
109,0.3253434096988478,1.3845060171469465,0.18613395489325535,0.004442592745538924
110,0.3039850338576969,1.3552487730918987,0.17265293840326537,0.004120831645608144
111,0.35953852393167507,1.4326681199350522,0.20270306702212573,0.004838059641334238
112,0.37054820351965173,1.4485284854561042,0.20746538663914973,0.004951725342977239
113,0.32521292752435454,1.384325375576739,0.18086444446855549,0.004316821556726336
114,0.327201146814182,1.3870804559362433,0.18062176091121823,0.004311029254016676
115,0.3302442495634048,1.3913079133163293,0.18217875979397813,0.004348191264276052
116,0.26594037601925685,1.3046572675080468,0.14655775058486414,0.003497999061612446
117,0.2827840116430629,1.3268185535069168,0.15503748972511125,0.003700391084121872
118,0.34474206587953804,1.4116257662554423,0.18792704536781138,0.004485389723333362
119,0.24212217454759236,1.273949827552536,0.1313973748703248,0.0031361554892901265
120,0.17901908386105575,1.196043569079378,0.09665145006244663,0.0023068495543410493
121,0.29211985517410133,1.33926352568328,0.15701477486715232,0.0037475843682968695
122,0.2269012219483571,1.2547059244123318,0.121927115138365,0.0029101220006249235
123,0.30166707756589445,1.3521110036824409,0.16209570127619383,0.0038688544870044955
124,0.16385216561762778,1.1780401473814535,0.08769138315818033,0.0020929932042126433
125,0.34220184655324265,1.4080444777573842,0.18018213482176454,0.004300536382488337
126,0.30096536000909235,1.3511625364693787,0.15629073419845102,0.003730303169796079
127,0.19600997167126005,1.2165390362011776,0.09992828299646431,0.0023850600787419223
128,0.2706056500302453,1.3107580710462783,0.13453568002140084,0.0032110596716326415
129,0.35947385615713384,1.4325754754716677,0.17827516442323116,0.004255021350782593
130,0.23425695732731588,1.2639692366401167,0.11469686659110326,0.0027375524672320012
131,0.26846554629867425,1.3079559123319067,0.1284111833308241,0.0030648819117325894
132,0.23717282985761762,1.2676601883736323,0.11110440115730856,0.0026518085153349473
133,0.21243146268608565,1.2366813518426243,0.0975400072086192,0.0023280573857324084
134,0.2847603306553628,1.3294433631163123,0.12825163211069446,0.003061073788204046
135,0.17975822990570003,1.1969279467545517,0.0795550007398572,0.0018987963231153592
136,0.2644658096788133,1.3027348815067374,0.11676169490264683,0.0027868352070894737
137,0.1554944526646655,1.168235455455456,0.06852708016819158,0.0016355850247890674
138,0.35461289876254104,1.4256286848262898,0.1541641278300649,0.003679545928699326
139,0.1881440287560975,1.2070073465976867,0.08060647891438091,0.0019238927076676053
140,0.18860468392334737,1.2075634888538729,0.07978330736449976,0.001904245481249764
141,0.18958887795490545,1.2087525506701207,0.07906552310700092,0.001887113609007243
142,0.24119460989966993,1.2727687045979044,0.0991262001202884,0.002365916190841063
143,0.15793565696547868,1.1710908407450504,0.06487293583492455,0.0015483689383128836
144,0.2762642831695407,1.3181961950647687,0.11328208805275652,0.002703784932046882
145,0.29203319997126354,1.3391474765590117,0.11845477972687161,0.0028272452782234407
146,0.3014715250653018,1.3518466208457969,0.12096011450808661,0.002887041902276022
147,0.27833590127311686,1.3209298247072208,0.11043015148536103,0.0026357157143035936
148,0.18036791136069866,1.1976579140278005,0.07079805200856275,0.0016897879402600357
149,0.26288361268844557,1.300675328037269,0.10196336373808595,0.0024336328119893254
150,0.14840781780010417,1.1599858627970714,0.05749341810946565,0.0013722366902687222
151,0.23964793653530142,1.2708016687166315,0.09270457822306144,0.0022126467302981162
152,0.23509081141605448,1.265023642105188,0.0901261518848494,0.0021511055775749795
153,0.309750336013549,1.3630847584719996,0.1176208558424973,0.0028073414181180797
154,0.10957423905296773,1.1158029040112776,0.04117538602603174,0.0009827625021932083
155,0.10080364068553349,1.106059435366384,0.0374579592868567,0.000894036009098477
156,0.17809100169756512,1.194934057314836,0.06575293427762807,0.0015693724929834016
157,0.16536895313965516,1.1798283397885811,0.060984530220033556,0.0014555615696286784
158,0.08098478476092791,1.0843543977298435,0.029825635099053244,0.0007118698477026041
159,0.31213243433603893,1.3663356308001,0.11385539800425523,0.0027174685322956067
160,0.2415075910240659,1.273167119523089,0.08723728450551003,0.002082154905626719
161,0.18077948513663333,1.1981509400690902,0.06468752297385306,0.0015439435564313338
162,0.21103131039847742,1.23495102126464,0.07489782906994545,0.0017876402630222685
163,0.10003599731549657,1.1052107019779158,0.03536450728096304,0.0008440700869761503
164,0.22454154961543987,1.2517487199454862,0.07930067619475122,0.0018927261765923978
165,0.10440225352564061,1.110046885393722,0.03684978551807071,0.0008795202890903507
166,0.16502863424372977,1.1794268902249136,0.0578030698394705,0.00137962737043856
167,0.10320794027007979,1.1087219330457692,0.03583915380414623,0.0008553988163409682
168,0.19074116402630142,1.210146182174907,0.06557436852878483,0.0015651105360456271
169,0.2277405313526088,1.2557594529506206,0.07762115796398644,0.0018526399090853492
170,0.2408927971483422,1.2723846247363813,0.08124420246345887,0.0019391137134986897
171,0.2047803415429567,1.2272554583132003,0.06902525288282763,0.0016474752706570864
172,0.19456099689301865,1.21477757828321,0.06550626159037196,0.0015634849788457737
173,0.19257304432578687,1.212365056861438,0.06440463207197897,0.0015371915961607558
174,0.12972073531951603,1.1385103931838008,0.04304393681111066,0.0010273605453993675
175,0.13914000511626734,1.1492849945195966,0.04574243857319828,0.0010917676244782469
176,0.16702634414856443,1.1817853980283741,0.054520999197812205,0.0013012918339087565
177,0.21497086364574347,1.2398257724368738,0.06953365402654035,0.0016596096457858862
178,-0.014995958078404977,0.9851159213563319,-0.004847798643594149,-0.0001157058909440558
179,0.15325409257174896,1.1656211169852058,0.04951200980885545,0.0011817386877102439
180,0.23533848559137566,1.2653369945955661,0.0755714042089349,0.0018037169644911973
181,0.19669293646865432,1.217370173323951,0.06273173041732605,0.0014972632512264678
182,0.16558894468181093,1.1800879205962747,0.05240999411730201,0.0012509069599514566
183,0.11062911674438665,1.1169805606353853,0.03478408864061989,0.0008302168185467398
184,0.18460004001809074,1.2027372971275359,0.057619250622207074,0.001375240025198013
185,0.10182455435520495,1.1071892031629857,0.03176493425110146,0.0007581564929805173
186,0.12622245738053922,1.134534525791328,0.039337209428184375,0.0009388894215223585
187,0.2264538166593412,1.2541446879050429,0.0700650366400095,0.001672292536154048
188,0.11115934770102112,1.1175729753510242,0.03413842724308263,0.0008148063543871052
189,0.16965646359228506,1.1848977258849045,0.05173704010793247,0.0012348450834291371
190,0.25469475743453734,1.290067777169093,0.0771850338372202,0.001842230621414879
191,0.2928798940587661,1.340281804956516,0.0880986937702467,0.0021027147790396803
192,0.11886697865021956,1.1262200970064056,0.03572350848710596,0.0008526386265258789
193,0.17273211323668308,1.1885476662458032,0.05187294014264564,0.0012380887071338045
194,-0.0063776731828063754,0.9936426210086471,-0.0019035948324834695,-4.543446464717484e-05
195,0.16166298042239163,1.175464020170036,0.04795932390723351,0.0011446796184684065
196,0.19850285020584865,1.21957550345053,0.05851076008045541,0.0013965183215414434
197,0.03735949620318121,1.0380661346016884,0.01094172588938069,0.0002611540279564515
198,0.14429493637833754,1.155224776096442,0.0420086433814532,0.0010026504537734844
199,0.08135718894052288,1.0847582910408309,0.023657083115922524,0.0005646405885034847
200,0.14220913095015852,1.1528177131928057,0.04132827444329111,0.0009864115998217573
201,0.14949061365691066,1.1612425709396619,0.04324974667140696,0.001032272757106453
202,0.16123637340803293,1.1749626659221282,0.046342586590372166,0.001106091788110161
203,0.11283363327233314,1.1194456789413745,0.03230797457339401,0.0007711176262553972
204,0.07714294415454304,1.0801964731288738,0.021961185558696462,0.000524163383851435
205,0.2618501300795706,1.2993317970834712,0.07414101188156343,0.0017695767637927306
206,0.21215806313805005,1.2363432899350586,0.06004098215165529,0.0014330412304135768
207,0.11491649337577253,1.121779757619859,0.03249994773792967,0.0007756995876100215
208,0.11265331471687552,1.1192438403118063,0.03172094871170743,0.000757106658530201
209,0.1267881292446832,1.1351764816025203,0.03553954900976733,0.0008482479335974102
210,0.1672325383753445,1.1820291004788963,0.04667837506329877,0.001114106292689483
211,0.19591721778562887,1.2164262027115011,0.05449801085508127,0.001300743154627177
212,0.1293447493335319,1.1380824096940054,0.035798852576197776,0.0008544369179972577
213,0.13119358130769185,1.14018847912662,0.03628393403125699,0.0008660147053734373
214,0.09012924658489609,1.0943157111339696,0.02492994505577338,0.0005950208983362445
215,0.14785619953093615,1.1593461698525538,0.04077612724931495,0.0009732331063016745
216,0.12976977931879843,1.1385662316559668,0.0351737054470408,0.0008395160826102914
217,0.050872151107428105,1.0521883635665905,0.013636945237736337,0.0003254827633100182
218,0.1049736950910524,1.1106813935985065,0.027736111172204234,0.000661997679863195
219,0.12521128592213224,1.1333878966772866,0.03249983340865768,0.0007756968588311987
220,0.13869436786782763,1.1487729444197388,0.0359745105407357,0.0008586294727592292
221,-0.04502286432854741,0.9559756238424699,-0.011569059199632836,-0.0002761270424972933
222,0.015958204934586603,1.0160862171287082,0.00402943208142722,9.617334861796908e-05
223,0.07981112032538701,1.083082476088308,0.019827256632799065,0.00047323137001696743
224,-0.006219295171651427,0.9938000046134834,-0.001524783575827037,-3.6393104398232255e-05
225,0.0797427434042137,1.0830084207750823,0.019256912406642228,0.00045961855486436687
226,0.013580599247327492,1.0136732344574961,0.00323184929817681,7.713686766602745e-05
227,-0.003746089210961106,0.996260918627833,-0.0008904376587116783,-2.1252714934337374e-05
228,1.3472543364507867e-05,1.0000134726341197,3.1961016864182087e-06,7.628365374941466e-08
229,0.017862087200256966,1.0180225683653796,0.004189185479330374,9.998629766859638e-05
230,0.11568128908433988,1.1226380181195839,0.026855454334865775,0.000640978410815198
231,0.15350890087675043,1.165918164769813,0.035272987413308546,0.0008418857165836139
232,0.11901939012826644,1.12639175895729,0.027005319223931512,0.0006445553437254575
233,0.13285795050664398,1.1420877538209935,0.029804773678523057,0.0007113719332003189
234,0.0210379857951938,1.02126084430601,0.004717415852427114,0.00011259395125248277
235,0.12558376724324238,1.1338101411325754,0.028110530880639983,0.0006709342238776249
236,0.05578470468986989,1.0573700124244605,0.012348468919587628,0.0002947297738993066
237,0.17438639789759183,1.1905154896400894,0.03822903038006785,0.0009124397165088693
238,0.03832581120358612,1.0390697182898598,0.008317939077833283,0.00019853022424741855
239,0.016751279170980224,1.016892368556178,0.003597335469884865,8.58601885451017e-05
240,0.08362626383679292,1.0872224835089046,0.017781046270692654,0.0004243929981263914
241,0.11719875051209587,1.1243428712066672,0.02488721976804502,0.000594001143217293
242,0.06794717403599967,1.0703087668929665,0.014408092113675762,0.0003438882794811982
243,0.06353456564325208,1.065596318187081,0.013354665426578908,0.00031874538838033776
244,2.8761920726400434e-05,1.0000287623343544,5.9954064852195864e-06,1.4309667128207941e-07
245,0.015152079255764478,1.015267453994516,0.003126975562135455,7.463377090862992e-05
246,-0.021257320679509816,0.9789670236962962,-0.004339708839388792,-0.00010357894677882009
247,0.08058149257931049,1.0839171742494682,0.01628441964710682,0.00038867193592397986
248,0.032491235811431464,1.0330248394798094,0.006558640512860618,0.00015653978222158368
249,0.029903328302702682,1.0303549229795903,0.00602859578986339,0.0001438888242459199
250,0.11750271081650454,1.1246846787533902,0.023465071230018137,0.0005600577029581511
251,0.03077344923792014,1.0312518465281686,0.006082710885463036,0.0001451804280872126
252,-0.04131663229724075,0.9595252651546674,-0.008088662076248272,-0.00019305790542979804
253,-0.037356317198473536,0.9633328221361035,-0.007243758603279485,-0.00017289198760011255
254,-0.1248981633179038,0.8825867777173297,-0.024002641383297562,-0.0005728882757816159
255,0.031077150147145436,1.0315650862147807,0.0059660541525236276,0.0001423960980826624
256,0.010664248339407083,1.010721314109843,0.0020459913036958693,4.883314346620783e-05
257,-0.05361591175891451,0.947796073926462,-0.010206533340378895,-0.00024360665952148362
258,0.10063601632622521,1.1058740484002936,0.019004283712814592,0.0004535888844414864
259,0.021557798146184737,1.021791846305206,0.004043969744414239,9.652032945851619e-05
260,0.06054865322367767,1.0624192864360822,0.01127804930972559,0.0002691813005098981
261,0.0629838014679667,1.0650095874996606,0.01169391213833071,0.0002791069972295531
262,0.03937002882886925,1.0401552998966774,0.007305442478027801,0.00017436424092772684
263,-0.15376043956290425,0.8574774140725644,-0.028516112203581787,-0.0006806145245194967
264,0.003156533713826193,1.0031615208123037,0.0005820475083811533,1.389214579240005e-05
265,0.04708757820601813,1.0482138057445338,0.008626107440415849,0.00020588549982193183
266,0.023151145767224334,1.0234212136422853,0.004211731464349067,0.00010052441888104532
267,-0.041742595104177035,0.9591166301172384,-0.007544522510948565,-0.00018007053573281014
268,-0.04065251115394083,0.9601627178202542,-0.007299352106859643,-0.00017421887766617245
269,-0.05155070852910796,0.949755488037289,-0.009251425944175624,-0.00022081042552959
270,-0.07735968477664795,0.9255568850067583,-0.013868448563029568,-0.00033100821939408226
271,-0.1470555277689421,0.8632460419586991,-0.026221326062342083,-0.0006258432160310411
272,-0.0582180432373013,0.9434442133776554,-0.010312642679528616,-0.00024613924730543105
273,-0.1094551354633808,0.896322376548137,-0.019269494162769518,-0.00045991885267155253
274,-0.1305676879896338,0.87759708815566,-0.022855437117068184,-0.000545507127867337
275,-0.05962027413160438,0.9421222138455142,-0.010380807072899135,-0.0002477661758240111
276,0.015705394209270154,1.0158293721031284,0.002731421566696978,6.519279969189684e-05
277,-0.1352689585848855,0.8734809498917474,-0.023513316297969298,-0.00056120920263488
278,-0.06496220398263503,0.9371028814648485,-0.011246387888445463,-0.0002684256146353181
279,-0.04340433350445035,0.9575241526895305,-0.007477728351736547,-0.00017847631157671859
280,-0.10466014096836816,0.9006305580081716,-0.017944335087221774,-0.0004282903295517937
281,-0.1632053542154041,0.8494167391952335,-0.02784210320781654,-0.0006645274678793911
282,-0.08483330745737923,0.9186654063113583,-0.014401389356363085,-0.0003437282999598396
283,-0.18226110609719065,0.8333837104366202,-0.03094220248162914,-0.0007385197631174557
284,-0.13117254534030212,0.8770664276091087,-0.022242606694807834,-0.0005308802641672629
285,-0.10438024397434431,0.9008826770761227,-0.017650703249279694,-0.0004212820076480935
286,-0.020433501576679686,0.9797738477243503,-0.0034394007435332714,-8.20906470342009e-05
287,-0.15986542664475412,0.8522584725315475,-0.02682161280039261,-0.0006401706906137194
288,-0.040091063176000016,0.96070195059808,-0.006696919007037759,-0.00015984017432601037
289,-0.012291516412380505,0.9877837157210085,-0.0020484851773151613,-4.889266653847969e-05
290,-0.08861846265980244,0.9151946879171289,-0.014766280862462414,-0.0003524374275278607
291,-0.08724082842947845,0.9164563603086098,-0.014534426711729631,-0.00034690359804113834
292,-0.10226334035966847,0.9027917788509129,-0.017000618994023612,-0.0004057659799676738
293,-0.045768346289979896,0.955263226831879,-0.007584633882823095,-0.00018102790264528775
294,-0.030761002695295765,0.9697073028152562,-0.0050881342438005555,-0.00012144215327504232
295,-0.1972034445280832,0.821023583565052,-0.03251668873875693,-0.0007760991570967974
296,-0.08402630311175263,0.9194070725100999,-0.013841936698695184,-0.0003303754416925061
297,-0.21133264510297123,0.8095047443003174,-0.03480119947080449,-0.0008306252150163246
298,-0.26041608297171304,0.7707308311033131,-0.042872125575716256,-0.0010232598032838144
299,-0.09780982535523396,0.9068213417832707,-0.016068719985236967,-0.0003835236772218652
300,-0.21149168455762934,0.8093760113443217,-0.03470814747552313,-0.0008284042762336508
301,-0.20307122648500012,0.8162201028662183,-0.033282101352433896,-0.0007943678095133613
302,-0.27170980116316845,0.7620753823932617,-0.04446879619394298,-0.0010613686873378661
303,-0.07119756881369661,0.9312778824844429,-0.011641305534543837,-0.00027785139764545234
304,-0.22886393585511552,0.7954367565643796,-0.03742567182732551,-0.0008932653811194638
305,-0.13421832260555083,0.874399142663687,-0.021942391347436366,-0.0005237148089170545
306,-0.15466533729730908,0.8567018356657613,-0.025172734906968697,-0.0006008157380377344
307,-0.23558640766478098,0.790107388724755,-0.0381591815696034,-0.0009107725847980977
308,-0.2708562843056062,0.7627261042403968,-0.04370411424277935,-0.0010431174741681233
309,-0.17538310619807806,0.8391354811773685,-0.0280533686787979,-0.0006695698925638228
310,-0.16782490173419182,0.8455018676348846,-0.026700141094684535,-0.000637271438196951
311,-0.18917570008286547,0.8276410773132638,-0.029971499514766544,-0.0007153512984430228
312,-0.1470485257370448,0.863252086456182,-0.023227736758636482,-0.0005543930707236342
313,-0.03790565256735609,0.9628037746704452,-0.00595761292018978,-0.00014219462512974918
314,-0.08505819722778199,0.9184588310882539,-0.013307173400580177,-0.00031761186209657125
315,-0.2676486136562155,0.7651766064794151,-0.041713220105931356,-0.0009955993743428165
316,-0.28098959956340125,0.7550361881453769,-0.04357795505623836,-0.0010401063422807067
317,-0.1219242815012248,0.8852153931457541,-0.018814310823060218,-0.00044905466508126355
318,-0.263499264585628,0.7683581875006746,-0.040589726903277876,-0.0009687841554074372
319,-0.12559959054776929,0.8819679243843821,-0.019327306581768056,-0.00046129870318508326
320,-0.12087616684373283,0.8861436867684429,-0.018496890260186603,-0.0004414785605993279
321,-0.07840586393294531,0.9245890930158709,-0.011885356447640091,-0.000283676336016774
322,-0.15596601446403166,0.8555882675027541,-0.02342949846751327,-0.0005592086622942189
323,-0.12942069016495222,0.8786042676126238,-0.019278202826475747,-0.000460126708601046
324,-0.18055298728502314,0.8348084452919664,-0.026640947524542227,-0.000635858622757406
325,-0.02111720947609606,0.9791041975536614,-0.0031157822766226294,-7.4366612726521e-05
326,-0.2541723593509155,0.7755581158323304,-0.03747798455016624,-0.0008945139664360165
327,-0.2233805684248055,0.7998104087805925,-0.03268448123177776,-0.0007801039810026652
328,-0.14687693542672564,0.8634002248587744,-0.0213651826588423,-0.0005099381547107835
329,-0.18975223658627,0.8271640495456497,-0.027395733271147738,-0.0006538736361074894
330,-0.12069186548273302,0.886307019306698,-0.01729186416322522,-0.000412717337534918
331,-0.1380706250849777,0.8710371724990964,-0.019629436677472942,-0.00046850985910855386
332,-0.06934135779930571,0.9330081361084847,-0.009849858242069189,-0.00023509363885755477
333,-0.13076691222335546,0.8774222669631431,-0.01856015293166844,-0.0004429884962021565
334,-0.095850208704757,0.9086001062626635,-0.013539760322960864,-0.00032316318117034393
335,-0.14241463518039607,0.8672615847611438,-0.019980419806018484,-0.0004768870254432895
336,-0.19435447284541335,0.8233659916482087,-0.02710249177338977,-0.0006468746307332274
337,-0.10091967091983312,0.9040056479114383,-0.013992685511117913,-0.00033397347183618346
338,-0.12318232969619804,0.8841024497332567,-0.01695449368886995,-0.0004046650741916216
339,-0.17080826546231556,0.8429831869693095,-0.02350541123809118,-0.0005610205268949393
340,-0.10190172006012332,0.9031183057202217,-0.014011352684551063,-0.00033441901466753517
341,-0.08899337577025955,0.9148516337417804,-0.0121992349050986,-0.00029116789852553707
342,-0.19380839983239706,0.8238157323805457,-0.026511950076606915,-0.0006327797480474203
343,-0.063661650167297,0.9383224270631433,-0.008668172784015217,-0.00020688950358051703
344,-0.0744735031088775,0.9282320689972059,-0.010089420967252296,-0.00024081145442543625
345,-0.2667996350825558,0.7658265008575478,-0.03590917577579799,-0.0008570700810141271
346,-0.11592370185197136,0.8905431674998511,-0.015590648068849314,-0.0003721131915380055
347,-0.09920614361830732,0.9055560141879936,-0.013339936744697179,-0.0003183938483546791
348,-0.1598521171458154,0.8522698157402692,-0.021418555645976816,-0.0005112120461165053
349,-0.13864615364673752,0.8705360099584802,-0.018509279870647124,-0.00044177427232792424
350,-0.19605920627603346,0.8219635678356227,-0.026069433794108983,-0.0006222178942065368
351,-0.10244933795543716,0.9026238773656872,-0.01354052707259808,-0.00032318148173446126
352,-0.12034445276288525,0.8866149871317678,-0.01581237370396251,-0.00037740527647016527
353,-0.09007807482780637,0.9138598330367542,-0.011832137572341766,-0.0002824061229088987
354,-0.16845289060788401,0.8449710685547264,-0.02212328157680163,-0.000528032245900424
355,-0.10446500105829819,0.9008063241232017,-0.013659760965178604,-0.0003260273226585655
356,-0.12095328566446482,0.8860753510473391,-0.01572548154843751,-0.00037533135900571883
357,-0.18047972497676376,0.8348696075260389,-0.023337422217962082,-0.0005570110123354721
358,-0.16246802993125856,0.8500432657326331,-0.020895604843189794,-0.0004987304038279303
359,-0.16895920626297836,0.8445433547628469,-0.021621703603693903,-0.0005160607242834875
360,-0.14388916271368402,0.8659837260263246,-0.018401088077392724,-0.0004391919811166593
361,-0.10986460516549267,0.8959554348225021,-0.014050340233355782,-0.0003353495584879011
362,-0.1879431261799307,0.8286618350566035,-0.02395600090708295,-0.0005717750740479593
363,-0.06644947965347417,0.9357101870651401,-0.008428654243680802,-0.00020117274260414395
364,-0.1975761160112887,0.8207176684948702,-0.02494453642232744,-0.0005953691609583853
365,-0.13661006303532244,0.8723103058558951,-0.017142741751079323,-0.00040915812585440244
