cutoff_days,roi_beta,roi_or,elasticity,norm_elast
1,0.906350148684937,2.475271652751135,2.7179618043427465,0.020098537094139866
2,0.899578125177134,2.4585656853774047,2.670641468599358,0.01974861697321468
3,0.8176408092789492,2.2651496089698586,2.4230134175187685,0.017917479551695138
4,0.9395351869394766,2.558791782031997,2.7767639735309233,0.020533362034194626
5,0.8565000342138824,2.3549041693354997,2.501259934874594,0.01849608979156332
6,0.8785419647026305,2.4073870909278,2.531260605196435,0.018717936023673408
7,0.8303638058406982,2.294153214800625,2.3601547939275065,0.01745265831104453
8,0.8438490432286758,2.325299954087504,2.32786556876883,0.01721388888148309
9,0.8231106446915109,2.2775735520014475,2.2278745834041294,0.01647448462450605
10,0.8541316534197082,2.3493334589144586,2.306383899613169,0.017055038185465495
11,0.8798727411056955,2.4105929175075147,2.369333537550741,0.01752053245073789
12,0.8728596622777971,2.3937463814450135,2.2793225793969523,0.01685492759255245
13,0.9157983541790324,2.4987693587572055,2.3428082946657622,0.01732438599378511
14,0.8224448874041794,2.2760577454473867,2.065955444298021,0.015277139680814953
15,0.9096314924308329,2.483407210389096,2.208262380525009,0.016329458087917498
16,0.905874093266231,2.4740935667074453,2.1588715543083907,0.015964227292091446
17,0.7890531647964625,2.2013111603095985,1.8767039559424963,0.013877679963332099
18,0.8474986558994477,2.333801903237029,2.0112841597886955,0.014872861431599209
19,0.8938911953206721,2.444623675967003,2.060160104333653,0.015234284827203366
20,0.9271675206159304,2.527340390137785,2.0948729913752167,0.015490976531529307
21,0.7894198550669558,2.2021185077085836,1.734722307187629,0.01282776696248443
22,0.8014639133272015,2.228801313396114,1.7096636894692385,0.01264246577210853
23,0.7800582868757053,2.18159942040669,1.6395558800947578,0.012124038910829431
24,0.8966220298641725,2.4513086623886977,1.8816790390274243,0.013914469255870752
25,0.8747778007800107,2.3983423249627682,1.83124330549011,0.013541511674292453
26,1.05428033656328,2.8699090419337074,2.1391337962127115,0.015818272311190932
27,0.8696494620235459,2.386074297254643,1.7311979931385157,0.01280170568504693
28,0.9358557517626529,2.5493941730877427,1.8303091872727657,0.013534604141739343
29,0.8787583298732906,2.4079080220002114,1.6716454042818871,0.012361331609784145
30,1.014118695321022,2.7569326287843707,1.899499705550862,0.014046247902131097
31,0.8519466334385226,2.344205722507634,1.5928793096764304,0.011778879247260558
32,0.8376183184409036,2.3108566927440446,1.5626506978962744,0.011555347454357113
33,1.0144920174044054,2.7579620447569986,1.8218089386430711,0.01347174727520047
34,0.8702598668153256,2.387531213048184,1.523273340675857,0.011264163349599196
35,0.9405883349546612,2.5614879880213066,1.598073857908489,0.011817291420736476
36,0.8912032418945384,2.4380614647916343,1.4622313222034662,0.010812775375489974
37,0.9691480999499708,2.635698151288083,1.551462559858461,0.011472614427348397
38,0.9299338542863942,2.534341536244101,1.4707402229647408,0.010875696222025633
39,0.9141971926069159,2.494771626643987,1.437576830527447,0.01063046257966779
40,0.8400028404210629,2.316373556247986,1.2704585027467465,0.009394671147777797
41,0.8549071132527944,2.3511559792006813,1.2596628423083243,0.009314840378474607
42,0.8794924575107033,2.409676382849375,1.2645034042974836,0.009350634926632037
43,0.8633671679099236,2.371131264153412,1.2022940569996432,0.008890614895346047
44,0.8271864521897272,2.286875446851744,1.1243331195064263,0.008314116435508329
45,0.8372637813051786,2.3100375534473585,1.1349284258622823,0.00839246564463875
46,0.8562855396778186,2.3543991094264554,1.157602793339402,0.00856013599787804
47,0.786308338187997,2.1952772277009975,1.0292915786754127,0.007611311881439822
48,0.7835786737985414,2.1892930287706416,1.004367387350239,0.007427004735147316
49,0.8617631712089133,2.3673310260275287,1.084445826292608,0.008019161502380922
50,0.8581819569672826,2.358868268960168,1.0481981374787595,0.007751120385306377
51,0.8856419837613438,2.424540407533949,1.0613888572962251,0.007848661922176448
52,0.8169575612019122,2.263602478452491,0.9767882462485357,0.007223065007380928
53,0.7700935888809387,2.1599683933505562,0.9183687568671715,0.006791069873205012
54,0.794791437316187,2.2139791952055994,0.9263972034071454,0.006850437900501851
55,0.8507257798810595,2.3413455369010263,0.9731020688076469,0.007195806797235036
56,0.8885859732290031,2.4316887461114542,0.9952777208038451,0.0073597892945314256
57,0.7161910849655566,2.0466229328853105,0.785203151801147,0.005806348951517783
58,0.737849620765322,2.091433300755141,0.799683665647512,0.005913428140128292
59,0.7396693417577562,2.0952425907080796,0.8004074369262352,0.005918780218244271
60,0.761415820199278,2.1413057793106414,0.8224183110268147,0.006081544230923956
61,0.7488956689383043,2.114663438152269,0.7949960728440238,0.0058787647546117636
62,0.7154687029837007,2.045145023226864,0.7471571688043784,0.005525009971947952
63,0.8042563848524462,2.2350338756754753,0.8272822393387887,0.006117511566243109
64,0.7781886938553482,2.1775245277394677,0.7852267926104556,0.005806523768427302
65,0.7838184337513794,2.1898179964945714,0.7840111473588233,0.005797534425330497
66,0.6655873934519079,1.945633037856872,0.6642607518637483,0.004912015076953306
67,0.8213762614573215,2.273626790206316,0.8183507433959238,0.006051465751240481
68,0.7791658641883433,2.179653380063615,0.7654169003231414,0.005660035376158014
69,0.6486888361906006,1.9130308870355897,0.6291399380283905,0.0046523068726222255
70,0.6548858396874226,1.9249227550491297,0.6279371153346615,0.004643412348612006
71,0.6541656322940812,1.9235369105569597,0.6180040351546436,0.004569960109460532
72,0.6811099923460506,1.9760699378459086,0.6361591751305111,0.004704212089628632
73,0.6519395583590245,1.9192597375951326,0.6078672656364963,0.004495001646891373
74,0.7288340585759462,2.0726625951397977,0.6785460649452802,0.005017650812676973
75,0.604898222495003,1.8310658380892708,0.5572694180959398,0.004120845279405766
76,0.614895390809312,1.8494631185985164,0.5608508598398524,0.004147328999532191
77,0.7103345111862971,2.034671765287795,0.6418532255651653,0.004746317936625431
78,0.6872154277255822,1.9881716105550666,0.6139463826959148,0.004539954949591625
79,0.6679641895989281,1.9502629109174172,0.5907428937086394,0.004368371896666054
80,0.7003874164597883,2.0145330195584075,0.6183640253287349,0.004572622132104095
81,0.6917774158401706,1.9972623459594552,0.609280735005905,0.004505453841807099
82,0.6691001965734352,1.952479682081696,0.5842470155791671,0.004320336767056945
83,0.6090037820291287,1.8385988409131162,0.5268270342930629,0.003895732704564369
84,0.6465119154028893,1.9088708999540878,0.554401463175481,0.004099637586839571
85,0.6349695674931816,1.8869647155183633,0.5382950423028668,0.003980535288623005
86,0.5843610457748412,1.7938444349012306,0.49001428811908154,0.0036235131526439783
87,0.689483486970431,1.9926860190945326,0.5774717194905967,0.004270235422901801
88,0.5716747945226112,1.7712310167296004,0.47820856816817287,0.0035362132869956662
89,0.5277239972319834,1.6950699310398123,0.4373303904014541,0.0032339310507727343
90,0.6157070365640887,1.8509648368365188,0.5056949459950243,0.003739467057322327
91,0.5287958245390156,1.6968877272870324,0.43030871825471473,0.003182007827319542
92,0.5534691337041217,1.7392763461541958,0.4456411134216381,0.003295386430547904
93,0.6173867589175943,1.8540765565294344,0.49191849696004697,0.0036375942232329695
94,0.4954600647704169,1.6412531481429873,0.3940497816350704,0.0029138835359922713
95,0.5355783590571305,1.7084360460347974,0.42542180747912994,0.0031458705433658426
96,0.5097208728669471,1.664826431855955,0.40105357271498804,0.0029656745341565633
97,0.5637447652507013,1.7572406482511074,0.43921112974227644,0.0032478385712336653
98,0.5663145099895376,1.7617621151815899,0.43682519602126413,0.0032301952852539636
99,0.49969907498649724,1.6482252038726823,0.38100090262575875,0.002817390870647766
100,0.4358294790325886,1.5462451050565362,0.3287664547576683,0.0024311323197029706
101,0.5313337187798516,1.7011997182515497,0.4002377693656769,0.002959641905643736
102,0.4808335745903917,1.6174220823686831,0.3618052931495996,0.0026754449211186843
103,0.4237045323431275,1.5276101676995728,0.3163222782507323,0.0023391112535014317
104,0.4860732800539518,1.625919139288131,0.3597262110630187,0.0026600707137357325
105,0.46254500879921145,1.5881106016585722,0.338967102303389,0.002506563141708761
106,0.554379218234152,1.7408599551500001,0.4020780384119587,0.00297325016004628
107,0.346823374775055,1.4145668551153987,0.2489208007511372,0.0018406969293704016
108,0.3970678399221107,1.4874568355844253,0.28465326913644257,0.0021049281412144206
109,0.46712376221805674,1.5953988412983577,0.33445656878795466,0.0024732090581342714
110,0.45836162587201945,1.5814808040410178,0.32563237864011096,0.002407956738278707
111,0.501048484623742,1.6504508361542403,0.3529829952040313,0.002610206593548648
112,0.3377870660061563,1.4018419718128905,0.23606996459120824,0.0017456687333014345
113,0.38182577646509064,1.4649568329402114,0.2642843642336558,0.0019543060132280916
114,0.47520328208731244,1.6083411111950006,0.32634760302687993,0.002413245614614328
115,0.4343485761774079,1.5439569609433963,0.2978710070745582,0.0022026694692291746
116,0.3266510079206001,1.3863175788923123,0.22376903578024104,0.0016547069421516936
117,0.32056526429832716,1.37790642554933,0.21845062152816808,0.0016153788154810028
118,0.3863911614908702,1.4716602150458065,0.2616817443336646,0.001935060395972418
119,0.3823902383069475,1.4657839785964921,0.2564266873869545,0.0018962007781490502
120,0.3604128095878739,1.4339212288301506,0.2402349325907896,0.0017764674603849941
121,0.35386794849539155,1.4245670578354237,0.2348936675150402,0.001736970358518788
122,0.3724471515908665,1.4512817791832016,0.24711948101041528,0.0018273766937550741
123,0.3691645965808693,1.4465256772617698,0.244784569803933,0.0018101107044317419
124,0.3363184926059718,1.39978477492387,0.22223138386796487,0.001643336453446746
125,0.2864241265812748,1.3316571266823156,0.18543136841924698,0.001371211041537276
126,0.2905667305905717,1.3371850970248371,0.18537364057635297,0.0013707841609277265
127,0.3185734054965586,1.375164562116521,0.19754922626008647,0.0014608190761043846
128,0.30371863456963427,1.3548877838693703,0.1826150662903543,0.0013503853063428321
129,0.3848731055201838,1.4694278473278126,0.23061467864287707,0.0017053284802425112
130,0.2225091164429629,1.2492072079250025,0.1312797606186047,0.0009707756504476979
131,0.40626052398895884,1.5011935984618465,0.2336344192376485,0.0017276585837273063
132,0.37537987191196764,1.4555442299816357,0.2111740017613141,0.0015615703285219921
133,0.20707471837064695,1.2300744775079206,0.11368472160315775,0.0008406654539910137
134,0.3807791928433883,1.4634244351434476,0.20483181376664455,0.0015146716927629444
135,0.3272636190131735,1.387167112609292,0.17262452849041582,0.0012765081848021098
136,0.2524375458282382,1.2871591051886053,0.13287947772394243,0.0009826050932052776
137,0.2796798638194636,1.3227062984076443,0.14693103383094488,0.001086512264084476
138,0.40099026102767793,1.4933027251952327,0.2074982449774306,0.0015343891761040744
139,0.21591803656860042,1.2410006581597222,0.11005138121816624,0.0008137979585071884
140,0.21522509346497648,1.2401410131889827,0.10799735091105021,0.0007986090017477163
141,0.21189623300442167,1.2360196203813147,0.10444567711505759,0.0007723454069389202
142,0.21186353976043604,1.235979211550846,0.10283554151085457,0.000760438922412183
143,0.2970839648220835,1.3459283053344662,0.14403679067082917,0.0010651101776312734
144,0.28968625317753494,1.3360082539177727,0.14020815401273198,0.0010367985230047075
145,0.27879034041149786,1.3215302433351515,0.13334177279769616,0.0009860236308291072
146,0.26156358372217575,1.298959531628172,0.12368822057027136,0.0009146384195935755
147,0.2258900136321787,1.253437796625949,0.10557119039321729,0.0007806682503044508
148,0.22415087925336344,1.2512597943304282,0.10348534410201508,0.0007652440235955184
149,0.2747005289308886,1.3161364710481667,0.12525335492304293,0.0009262121329534286
150,0.22561177786884823,1.2530890939168493,0.10272651986110808,0.000759632739018438
151,0.2068906554503912,1.2298480872431243,0.09406223799151461,0.0006955628943753424
152,0.13487480911704441,1.1443935077493557,0.060760275174719734,0.0004493045643607038
153,0.14321340883937747,1.1539760440781583,0.06383268729837963,0.0004720241584834755
154,0.15146621534432245,1.1635389913814433,0.06675638530101792,0.0004936440549309527
155,0.20763824210298865,1.2307678490158453,0.09036175049257796,0.0006681988655118961
156,0.18943900164556632,1.2085714008742925,0.08182876841392077,0.000605099944637622
157,0.1461265967209658,1.1573426945671441,0.06305912633929207,0.0004663039001612438
158,0.21648301172846995,1.2417019908040703,0.09321672624662197,0.0006893105809171093
159,0.20277059045885024,1.224791457169227,0.08643240893021047,0.000639142527405671
160,0.20107528548548562,1.2227168211877877,0.08475260873984168,0.0006267208935243832
161,0.20846763908117846,1.2317890675899306,0.0869940100374178,0.0006432954042662957
162,0.18063837578345435,1.1979818816930659,0.07468653025510678,0.0005522851705886479
163,0.1362298536028786,1.1459452629728981,0.0561092289622845,0.00041491143025638067
164,0.24412269944091047,1.2765009468333874,0.10046508226530576,0.0007429100656781825
165,0.16397174640752715,1.1781810267758774,0.0674201257790503,0.0004985522227342312
166,0.1212803905207467,1.1289414124639903,0.049478878078973186,0.00036588191374055883
167,0.1644969343840339,1.1787999557981026,0.06645762967922235,0.000491434843993129
168,0.09929869309369922,1.104396125793503,0.03970955428047697,0.0002936406054061246
169,0.1865270070530184,1.2050571666890184,0.07381729823255952,0.0005458574525755888
170,0.10921554356587596,1.1154027423175121,0.042754365486342844,0.0003161560987688234
171,0.10223520202673009,1.107643961197476,0.039993530319797736,0.0002957405256298069
172,0.08121977954075789,1.0846092452955467,0.0317431088195917,0.00023473105805773452
173,0.1909384087698059,1.2103849006904253,0.07406858385759206,0.0005477156366927722
174,0.113230787036938,1.1198903593044318,0.04356129973378192,0.0003221231428526559
175,0.07310047436201185,1.0758386256840808,0.02785048567432782,0.0002059462419673876
176,0.16217135149689946,1.1760617439968941,0.06129672245834331,0.00045327143601126636
177,0.1277350546847733,1.136251918190715,0.04783358370082492,0.00035371544030551763
178,0.145101782063485,1.156157240349204,0.05430316880982554,0.0004015561406748841
179,0.1834607786217881,1.2013678451850107,0.06860369367155132,0.0005073043630891311
180,0.1694757808081212,1.1846836546049222,0.06296420581736571,0.00046560199050677995
181,0.04791244023419758,1.0490787942093311,0.017673179232148246,0.00013068802063412698
182,0.0734981820996213,1.0762665801246898,0.026894636934722813,0.000198878018521921
183,0.06788393411782614,1.0702410827943187,0.024659315421159168,0.0001823484660146326
184,0.1617264090751364,1.1755385806337952,0.058320672342569865,0.0004312644109124144
185,0.08228678646326988,1.0857671485040106,0.029630018371421186,0.00021910536873128068
186,0.14004955707459027,1.1503308044741807,0.050381533853869065,0.00037255679068180103
187,0.06294939640608922,1.0649729464092257,0.022466151908237475,0.00016613065966152604
188,0.14637077201788984,1.1576253235673388,0.05184437756450714,0.0003833740944916676
189,0.16054297668754897,1.1741482330580566,0.0564128727410277,0.0004171567876932379
190,0.15341968854651403,1.1658141551330088,0.0535379942906385,0.0003958978976367372
191,0.09808105767364772,1.1030521923295105,0.03388560010214104,0.00025057415800394667
192,0.1376388356663782,1.1475610173113164,0.04751166097537808,0.0003513349153737464
193,0.027028907572889643,1.027397501902395,0.009324481201852084,6.895182670322802e-05
194,0.04136011582554966,1.0422273605401444,0.01418360086357803,0.00010488360345226867
195,-0.006501742719327061,0.9935193478765696,-0.0022137820035286727,-1.6370274094789835e-05
196,0.10561609758645507,1.1113951273249696,0.03573048969559213,0.00026421658000904026
197,0.05797835953671694,1.059692063234968,0.01947548217162599,0.0001440155267183158
198,0.14279144158201285,1.1534892066937157,0.04766302369207534,0.0003524541986437868
199,0.10345166359194723,1.1089921873706217,0.03450363626973223,0.00025514435572343054
200,0.03997402207737172,1.0407837364418193,0.013324139728025115,9.852813830692275e-05
201,0.003694151582745421,1.0037009833706665,0.0012247078618012614,9.056358463377927e-06
202,0.06474710288536624,1.0668891770693123,0.02133145055015487,0.00015773987311708121
203,0.015626745860786134,1.0157494819423267,0.005124290103388667,3.789263504716395e-05
204,0.09050700550188334,1.094729176742093,0.029514607486358327,0.00021825193880051523
205,0.05878144864962426,1.0605434322108063,0.019053001841243776,0.00014089140754262901
206,0.07772953810981842,1.0808302957306,0.025176739237175158,0.00018617466465472112
207,0.0492273707379323,1.0504591672650834,0.015937033825926913,0.0001178497302681599
208,0.09648573202601336,1.1012938677994384,0.031102708853774867,0.00022999548655430497
209,0.0475772165582361,1.048727177098046,0.015261328540598399,0.00011285308619458154
210,0.01835325767015482,1.018522713806931,0.005862423025366945,4.335091333830195e-05
211,0.006578107462644034,1.0065997907304198,0.0020922903924787454,1.547187896377207e-05
212,0.03052569603030486,1.0309963822226893,0.009662909442046381,7.145440511635417e-05
213,-0.019086775379805545,0.9810942237250071,-0.0060380015509240445,-4.464926547231845e-05
214,0.005922401780765502,1.0059399738747314,0.0018724818672224786,1.3846458845132999e-05
215,0.039344640371705514,1.040128892293628,0.012400607000383269,9.169888237164652e-05
216,-0.008836399532169206,0.9912025267058673,-0.002732255190054425,-2.0204232524615754e-05
217,-0.04003002200098332,0.9607605947638215,-0.012238395282268319,-9.049937389127409e-05
218,-0.050604938375813556,0.9506541633339515,-0.015222018346305755,-0.00011256239874014191
219,0.06262615955594594,1.0646287635378309,0.01848786917112706,0.00013671241580135332
220,0.0019404987847784425,1.0019423827709726,0.0005721206632567808,4.230665918269198e-06
221,-0.03354697987867905,0.9670094801761784,-0.009782728870195583,-7.234043494113227e-05
222,-0.016089146105320556,0.9840395928478901,-0.004604076746581827,-3.4045808564192966e-05
223,-0.06210059657263689,0.9397883425494907,-0.01748002276058292,-0.00012925968470147114
224,-0.021590224413321993,0.9786411761597688,-0.005993626433428359,-4.432112438379439e-05
225,0.019750867671960784,1.0199472065495931,0.005394962190224909,3.9894176411334076e-05
226,-0.038590448210798864,0.9621446765395817,-0.010384121847923113,-7.678756111181621e-05
227,-0.04979552952156246,0.9514239427221847,-0.013377611795349126,-9.892354869381444e-05
228,-0.018971848299912077,0.9812069844987492,-0.0050901138166057885,-3.7639911345694666e-05
229,-0.015879746622224113,0.9842456718056396,-0.00421004075669437,-3.1132027014163326e-05
230,-0.026256015644644387,0.9740856765108733,-0.006885522985621063,-5.091644000218856e-05
231,0.014875552146644992,1.014986743834253,0.003858736351393247,2.8534233104772174e-05
232,0.046619736058831726,1.047723521843623,0.011943089091741988,8.831567049450841e-05
233,0.04154794688831527,1.0424231415992247,0.010513108075218425,7.774137675035308e-05
234,0.020201102886069456,1.0204065260916706,0.005107784566202905,3.7770581399884324e-05
235,-0.0030531253780885434,0.9969515306694943,-0.0007711531218258848,-5.7024530659389686e-06
236,-0.03646405854143223,0.9641927477672602,-0.009098377556988483,-6.727985600586561e-05
237,-0.011356922119602285,0.9887073242766347,-0.0028050254611901785,-2.0742347516311242e-05
238,0.008401553317583792,1.0084369454134183,0.002054376421300266,1.5191516173206263e-05
239,-0.0716356939557677,0.9308699555979095,-0.017327555147294258,-0.00012813223104246794
240,-0.015150652552477023,0.9849635411534692,-0.003625299185097761,-2.6808033149186238e-05
241,-0.06998765677093356,0.9324053287274753,-0.016730267311437414,-0.00012371546120204326
242,-0.0015655082144522409,0.9984357165543206,-0.0003737167554791682,-2.7635267209047475e-06
243,-0.05990994148978705,0.9418493513143366,-0.01416229292139011,-0.00010472603741665352
244,0.009009165600121596,1.0090498702790973,0.0021110617089736767,1.5610687390099625e-05
245,-0.033502531945916236,0.9670524627037694,-0.007768102140613293,-5.74428561780095e-05
246,0.004439925305653392,1.0044497963775472,0.0010185285889444755,7.531722702517053e-06
247,-0.013373440812666334,0.9867155863385783,-0.0030308524444542947,-2.2412272381605333e-05
248,-0.047402369993922264,0.9537035786737874,-0.010731689178407505,-7.93577204397693e-05
249,0.03527287586454808,1.0359023429832748,0.007973217473020506,5.895962440866537e-05
250,0.10139307767977758,1.1067115798955958,0.02268713767137431,0.0001677647851119227
251,0.03371392583603633,1.0342886811320504,0.007466308058366107,5.52111767088038e-05
252,-0.025031420038013265,0.9752792682352391,-0.005486211792453256,-4.056894068222324e-05
253,-0.0431090632968051,0.9578069227896592,-0.00935465564670468,-6.91749579474552e-05
254,-0.0449209002062482,0.9560731040275507,-0.00965520790877313,-7.139745451759047e-05
255,0.014222466537470307,1.0143240870077235,0.00305434347156773,2.258598169535082e-05
256,-0.007764596921057779,0.9922654696929097,-0.0016658747026614734,-1.2318658949560671e-05
257,-0.03200991618393875,0.9684969782374006,-0.006813528876512172,-5.0384064502955044e-05
258,-0.08580558841061635,0.9177726395148099,-0.01810851731114328,-0.00013390721912146154
259,0.008549163923599543,1.0085858123889613,0.0017918557730920066,1.3250252327054735e-05
260,-0.07233463913162458,0.9302195558564531,-0.015044121307114786,-0.00011124690187208274
261,-0.1408936032303125,0.8685817210708828,-0.02921092622993067,-0.00021600630422708082
262,0.025429757793873325,1.0257558523858432,0.005268729894465664,3.896072529559658e-05
263,-0.0905844469976254,0.9133971969930831,-0.01875431815565115,-0.00013868272855210528
264,0.04198354007695933,1.042877312929178,0.008638089594500641,6.38761603861308e-05
265,-0.09123575879616606,0.9128024843146431,-0.01865175084824959,-0.00013792427314292239
266,-0.025478119262299925,0.9748437090318773,-0.005168274419101276,-3.821788627015677e-05
267,-0.00932795328894975,0.9907154171102187,-0.001880209337840618,-1.3903601243018943e-05
268,0.023398668256982263,1.0236745647629137,0.004685430858061782,3.464739855884562e-05
269,-0.08958535028092854,0.9143102251594123,-0.017922039445997292,-0.00013252826954097656
270,-0.03773424888240681,0.9629688169293285,-0.00754345436618366,-5.578165121910398e-05
271,-0.0814695939087141,0.9217607365688936,-0.016185682159163918,-0.00011968841237950343
272,-0.09238854809812368,0.9117508216651155,-0.018227533777636938,-0.00013478731127831753
273,-0.03792628214181559,0.9627839126431591,-0.0074348426816084985,-5.4978499398573237e-05
274,-0.023200579311944372,0.9770664847940201,-0.004520397839405835,-3.342702738147489e-05
275,-0.060341963353133965,0.9414425396846762,-0.011687265344419611,-8.642392828278738e-05
276,-0.044628388940185004,0.9563528070878126,-0.008635074217095322,-6.385386254716309e-05
277,-0.06506518749885824,0.9370063802841531,-0.01258297737286884,-9.304745823846585e-05
278,-0.08148621115884298,0.9217454195674385,-0.015681739186974034,-0.00011596190065895379
279,-0.11739744420426526,0.8892317029351627,-0.022480424797896734,-0.00016623620352965502
280,-0.11612695456459454,0.8903621805790131,-0.022126940872826555,-0.00016362229270542873
281,-0.05579849204842213,0.9457296887431189,-0.010574152751675113,-7.819278437948317e-05
282,-0.07347636632499462,0.9291581049527116,-0.013857946042424274,-0.00010247548075812839
283,-0.11598051431936805,0.8904925749823386,-0.021864400505762903,-0.0001616808830440763
284,-0.08056153668271032,0.9225981282086057,-0.015179842890530579,-0.00011225052351032623
285,-0.07768207340316381,0.9252585440872823,-0.014583407284423602,-0.00010784005566105282
286,-0.14241024518679146,0.8672653920423113,-0.026628855160493826,-0.00019691263959726045
287,-0.10325357553793903,0.9018982451501071,-0.019230599876538475,-0.00014220469336383284
288,-0.08688833264812029,0.9167794642524604,-0.016114789549993028,-0.00011916418215196862
289,-0.05799746498736483,0.9436523396043706,-0.010733023182383264,-7.936758501120945e-05
290,-0.0008685549410054625,0.9991318221436565,-0.00016064565340010865,-1.187927887255645e-06
291,-0.06856847070493599,0.9337295247959176,-0.01267786949156941,-9.374915785933529e-05
292,-0.10031117181311766,0.9045559019382214,-0.01850625496908501,-0.000136848373430218
293,-0.07801121038731401,0.9249540573921873,-0.014351337399764094,-0.00010612396635552639
294,-0.04849146517758571,0.952665470101745,-0.0088976205903628,-6.579531662264607e-05
295,0.02755916849013557,1.0279424351097528,0.005043873481303447,3.7297977513940796e-05
296,0.03856517491148563,1.0393184636395127,0.0070478661308061704,5.211692034752264e-05
297,-0.035246077266741296,0.9653678319492307,-0.0064389653968557675,-4.761427650300749e-05
298,-0.13053271559798582,0.8776277803614229,-0.023839660116773524,-0.00017628735341427098
299,-0.014461419206209483,0.9856426448744713,-0.002636374504456974,-1.949522273904302e-05
300,-0.04833557293043844,0.9528139948392854,-0.008797884223114718,-6.505779519259231e-05
301,-0.06044883722082009,0.9413419294556538,-0.010987014102111859,-8.124577399590502e-05
302,-0.06191074720431862,0.939966777710042,-0.011241534220740753,-8.312787625256449e-05
303,-0.10758758604228244,0.8979978669271476,-0.019516834844644747,-0.00014432131770893285
304,-0.09670343763074392,0.9078251930060596,-0.01753862206569918,-0.00012969300952071184
305,-0.04959516134706912,0.9516145969006342,-0.008992112158498808,-6.649405428858035e-05
306,-0.04808139851438306,0.9530562065607405,-0.008674766221084923,-6.414737337327224e-05
307,-0.10127650688805642,0.9036831237283234,-0.018166306361791035,-0.00013433455234454923
308,-0.07357535028582725,0.9290661377549574,-0.013153034768806159,-9.726286689495562e-05
309,-0.11723883274725123,0.889372756457245,-0.020752421284159182,-0.0001534581200907464
310,-0.03267530996225282,0.9678527607266961,-0.005750360366020591,-4.25222425629651e-05
311,-0.06691675958778659,0.9352730506108937,-0.011730421579993383,-8.67430560939792e-05
312,-0.06391308614145656,0.9380865287075281,-0.011163951992915222,-8.255417824058139e-05
313,-0.049717718529051144,0.9514979768437638,-0.008637941775886036,-6.387506731046502e-05
314,-0.0647951714960723,0.9372594211625482,-0.011207371591964017,-8.287525354807854e-05
315,-0.07815207706114777,0.9248237713673683,-0.01346120088358572,-9.954166569159718e-05
316,-0.14096622325605623,0.8685186469341886,-0.02415666299140278,-0.00017863149748005775
317,-0.13908632685041483,0.8701529076559299,-0.023710282176307725,-0.00017533064117075802
318,-0.11741815222329359,0.8892132888987976,-0.01999460694994129,-0.0001478543034799268
319,-0.09329958911760662,0.9109205575268011,-0.015870463940404034,-0.00011735746532484964
320,-0.12649851884317218,0.8811754547015902,-0.021379887337311842,-0.00015809804907151878
321,-0.013048343946944457,0.9870364166306914,-0.0021852835850542213,-1.615953657820005e-05
322,-0.11990438254524786,0.887005245846436,-0.019904937239431948,-0.00014719122204882894
323,-0.10088882324101701,0.904033534817434,-0.016599777609051368,-0.0001227505278024573
324,-0.1318753052565687,0.8764502770082124,-0.021494912542930067,-0.00015894862701495608
325,-0.07243720251975296,0.9301241542795393,-0.011798781577380778,-8.724855839391977e-05
326,-0.1158109714475024,0.8906435644501084,-0.018856300532985495,-0.00013943685857355294
327,-0.030494838837017965,0.9699654382040053,-0.0049286661853398745,-3.644605306535593e-05
328,-0.03728015567095025,0.9634061938293653,-0.00598936213619757,-4.4289591145933395e-05
329,-0.10862697337225571,0.8970649842191388,-0.017316976564601363,-0.00012805400549996147
330,-0.07243028114681388,0.9301305920379698,-0.011458618299608113,-8.473314988249245e-05
331,-0.08592920504657807,0.9176591945605216,-0.01348465967021053,-9.97151365963056e-05
332,-0.09628194702638676,0.9082079134461792,-0.015099201842728588,-0.00011165420641419597
333,-0.08319251223056223,0.9201739854213266,-0.013035605479844108,-9.639451145435627e-05
334,-0.10943955986974932,0.8963363374099609,-0.017073039852733406,-0.0001262501644583887
335,-0.1048008482065936,0.9005038416848538,-0.01623718806327387,-0.00012006928356123491
336,-0.17863787397488895,0.8364087299310555,-0.027510298462850823,-0.00020343065647317722
337,-0.02869212599269577,0.9717155843895434,-0.004390641817702493,-3.246751933716546e-05
338,-0.19738751610452157,0.8208724703679809,-0.02999695219268951,-0.00022181873762633743
339,-0.0758307062634476,0.9269731240202849,-0.011518390578379353,-8.517514850078264e-05
340,-0.03292684376771064,0.9676093436537624,-0.004994950774709771,-3.69362083265859e-05
341,-0.009309650724273671,0.9907335499091537,-0.001408318575781851,-1.041410629483164e-05
342,-0.056169795051842164,0.9453786016531442,-0.008476225339989242,-6.267922129805581e-05
343,-0.043899897588331946,0.9570497556667801,-0.006592205882248576,-4.874744532645095e-05
344,-0.08290434270188013,0.9204391897350767,-0.012385631459146174,-9.158814259944749e-05
345,-0.11786870891584439,0.8888127381425671,-0.01750402403836567,-0.000129437167170523
346,-0.054404982652619616,0.9470484906182624,-0.008073133411051276,-5.9698473712433575e-05
347,-0.13948709897291195,0.8698042445001348,-0.02069210191032811,-0.0001530120758635972
348,-0.05976178683842677,0.9419889010138277,-0.0088316680181726,-6.530761653190133e-05
349,-0.10915561396958001,0.8965908845752429,-0.016073931687016325,-0.00011886205013770984
350,-0.10659474100232535,0.8988898823985118,-0.015627938267718137,-0.0001155640585076639
351,-0.06406177852020858,0.9379470527598616,-0.009341053140812697,-6.907437137232143e-05
352,-0.3167513290789109,0.7285118923262802,-0.045917209238377804,-0.00033954440848372585
353,-0.07153517621716951,0.930963529243602,-0.010365591625948226,-7.665053550934827e-05
354,-0.3097175649684245,0.7336541365946494,-0.04485698411125535,-0.0003317043520077436
355,-0.10385526918421943,0.9013557419331453,-0.014973280396108136,-0.00011072305393743742
356,-0.05542521142061671,0.9460827772115099,-0.007948535404440262,-5.877710768965648e-05
357,-0.16728796636346194,0.8459559693943743,-0.02385643320708719,-0.00017641138553912056
358,-0.15346469233938836,0.8577310481409409,-0.021778797392601433,-0.0001610478729177012
359,-0.09435980053555065,0.9099553009293204,-0.013324224018065241,-9.85287616072559e-05
360,-0.09031635951843447,0.913642100171396,-0.012742365193133756,-9.422608481549502e-05
361,-0.07224886372818529,0.9302993492362496,-0.010190638363713865,-7.535680701576174e-05
362,-0.08074432325425794,0.9224295050713263,-0.011353787734920191,-8.39579583438868e-05
363,-0.07836303410860829,0.9246286938523511,-0.01096246515490501,-8.106424167073748e-05
364,-0.08199242388864766,0.9212789383817329,-0.011418659342154048,-8.44376650131501e-05
365,-0.1889629492338942,0.8278171773871615,-0.026167103053771866,-0.00019349811705672286
